{
    "field": {
        "xfields": 15,
        "yfields": 15,
        "canvas": {},
        "ctx": {},
        "blocksize": 5,
        "cellWidth": 33.333333333333336,
        "cellHeight": 33.333333333333336,
        "obstacles": [
            [
                5,
                5
            ],
            [
                6,
                5
            ],
            [
                7,
                5
            ],
            [
                8,
                5
            ],
            [
                9,
                5
            ],
            [
                9,
                6
            ],
            [
                9,
                8
            ],
            [
                9,
                9
            ],
            [
                5,
                6
            ],
            [
                5,
                8
            ],
            [
                5,
                9
            ],
            [
                6,
                9
            ],
            [
                8,
                9
            ],
            [
                5,
                10
            ],
            [
                6,
                10
            ],
            [
                8,
                10
            ],
            [
                9,
                10
            ],
            [
                9,
                11
            ],
            [
                9,
                13
            ],
            [
                9,
                14
            ],
            [
                5,
                11
            ],
            [
                5,
                12
            ],
            [
                5,
                13
            ],
            [
                5,
                14
            ],
            [
                6,
                14
            ],
            [
                7,
                14
            ],
            [
                8,
                14
            ],
            [
                10,
                10
            ],
            [
                11,
                10
            ],
            [
                12,
                10
            ],
            [
                13,
                10
            ],
            [
                14,
                10
            ],
            [
                14,
                11
            ],
            [
                14,
                12
            ],
            [
                14,
                13
            ],
            [
                14,
                14
            ],
            [
                10,
                11
            ],
            [
                10,
                13
            ],
            [
                10,
                14
            ],
            [
                11,
                14
            ],
            [
                12,
                14
            ],
            [
                13,
                14
            ]
        ],
        "doors": []
    },
    "roundNumber": 0,
    "characters": [
        {
            "name": "Green Hero 1",
            "position": [
                2,
                2
            ],
            "hp": 24,
            "xp": 0,
            "attack": 5,
            "defense": 3,
            "actionPoints": 0,
            "color": "green",
            "actions": [
                "move",
                "wait"
            ],
            "imagePath": "resources\/char\/hero.svg",
            "heroImg": {},
            "team": "player1"
        },
        {
            "name": "Red Hero 2",
            "position": [
                1,
                1
            ],
            "hp": 19,
            "xp": 0,
            "attack": 4,
            "defense": 4,
            "actionPoints": 2,
            "color": "red",
            "actions": [
                "move",
                "wait"
            ],
            "imagePath": "resources\/char\/person-hiking-solid.svg",
            "heroImg": {},
            "team": "player1"
        },
        {
            "name": "Blue Bob",
            "position": [
                1,
                2
            ],
            "hp": 20,
            "xp": 0,
            "attack": 4,
            "defense": 4,
            "actionPoints": 2,
            "color": "blue",
            "actions": [
                "move",
                "wait",
                "shoot"
            ],
            "imagePath": "resources\/char\/hero.svg",
            "heroImg": {},
            "team": "player1"
        },
        {
            "name": "Spider",
            "position": [
                7,
                7
            ],
            "hp": 20,
            "xp": 0,
            "attack": 4,
            "defense": 4,
            "actionPoints": 2,
            "color": "white",
            "actions": [
                "move",
                "wait"
            ],
            "imagePath": "resources\/char\/spider-solid.svg",
            "heroImg": {},
            "team": "enemy"
        }
    ],
    "teams": [],
    "currentCharacterIndex": 1,
    "roundNumberDisplay": {},
    "gamename": "start"
}